{
  "project_info": {
    "project_number": "313245570677",
    "firebase_url": "https://l5seg-e4cd5.firebaseio.com",
    "project_id": "l5seg-e4cd5",
    "storage_bucket": "l5seg-e4cd5.appspot.com"
  },
  "client": [
    {
      "client_info": {
        "mobilesdk_app_id": "1:313245570677:android:aadfeba8c26d67fc",
        "android_client_info": {
          "package_name": "mgarzon.createbest.productcatalog"
        }
      },
      "oauth_client": [
        {
          "client_id": "313245570677-fdum2g935i5mmsa3rltg0dmp9bji0k3v.apps.googleusercontent.com",
          "client_type": 1,
          "android_info": {
            "package_name": "mgarzon.createbest.productcatalog",
            "certificate_hash": "e83c11e263b927227e9efbcd373bac89e1a8a1ff"
          }
        },
        {
          "client_id": "313245570677-kagni6vj7et3qbvrq66gr79gdbks0a09.apps.googleusercontent.com",
          "client_type": 3
        }
      ],
      "api_key": [
        {
          "current_key": "AIzaSyDxuml2W7Y9ud87mwveP3J7RiP6Ak7-rVg"
        }
      ],
      "services": {
        "analytics_service": {
          "status": 1
        },
        "appinvite_service": {
          "status": 2,
          "other_platform_oauth_client": [
            {
              "client_id": "313245570677-kagni6vj7et3qbvrq66gr79gdbks0a09.apps.googleusercontent.com",
              "client_type": 3
            }
          ]
        },
        "ads_service": {
          "status": 2
        }
      }
    }
  ],
  "configuration_version": "1"
}